SDG,level_1,Epoch,Loss_G,Loss_D
SD0Q1,0,1,0.6121,-0.128
SD0Q1,1,2,0.4505,-0.3449
SD0Q1,2,3,0.2958,-0.7776
SD0Q1,3,4,0.4067,-0.8005
SD0Q1,4,5,0.433,-0.7052
SD0Q1,5,6,0.403,-0.7274
SD0Q1,6,7,0.2894,-0.6367
SD0Q1,7,8,0.4266,-0.6878
SD0Q1,8,9,0.5059,-0.4805
SD0Q1,9,10,0.5123,-0.495
SD0Q2,0,1,2.0968,-1.7261
SD0Q2,1,2,1.3436,-1.4297
SD0Q2,2,3,1.4548,-1.2256
SD0Q2,3,4,1.9247,-1.0594
SD0Q2,4,5,2.8943,-2.1423
SD0Q2,5,6,3.0369,-2.1029
SD0Q2,6,7,1.6789,-1.2167
SD0Q2,7,8,1.3062,-0.1064
SD0Q2,8,9,2.8681,-1.906
SD0Q2,9,10,2.8732,-3.0452
SD0Q2,10,11,1.9738,-1.4298
SD0Q2,11,12,-0.4258,-0.0596
SD0Q2,12,13,0.7798,-1.2297
SD0Q2,13,14,3.492,-2.7054
SD0Q2,14,15,2.274,-1.8419
SD0Q2,15,16,0.9203,-0.635
SD0Q2,16,17,0.4707,-0.5061
SD0Q2,17,18,2.3402,-1.9844
SD0Q2,18,19,2.2412,-2.339
SD0Q2,19,20,2.1074,-1.8792
SD0Q2,20,21,1.1652,-0.5206
SD0Q2,21,22,-0.1593,0.1088
SD0Q2,22,23,1.6274,-1.6028
SD0Q2,23,24,3.2345,-2.902
SD0Q2,24,25,1.9582,-2.2827
SD0Q2,25,26,0.569,-0.6293
SD0Q2,26,27,-1.0227,0.5474
SD0Q2,27,28,3.8631,-2.3267
SD0Q2,28,29,3.0396,-2.1021
SD0Q2,29,30,1.6042,-1.2287
SD0Q2,30,31,1.0938,-1.2882
SD0Q2,31,32,0.2111,-0.2359
SD0Q2,32,33,0.7293,-0.5922
SD0Q2,33,34,2.232,-2.4094
SD0Q2,34,35,2.6783,-2.0895
SD0Q2,35,36,1.6335,-1.2041
SD0Q2,36,37,-0.1657,-0.2677
SD0Q2,37,38,-0.4396,0.0756
SD0Q2,38,39,2.5803,-2.7324
SD0Q2,39,40,2.3865,-2.6873
SD0Q2,40,41,0.8732,-1.6295
SD0Q2,41,42,0.2889,-0.6897
SD0Q2,42,43,0.5506,0.4622
SD0Q2,43,44,2.5852,-2.0903
SD0Q2,44,45,2.0463,-2.0098
SD0Q2,45,46,1.504,-0.8164
SD0Q2,46,47,0.114,-0.5714
SD0Q2,47,48,0.5803,-0.0959
SD0Q2,48,49,1.0663,-0.7896
SD0Q2,49,50,1.6204,-2.6204
SD0Q2,50,51,2.2264,-2.3867
SD0Q2,51,52,0.3707,-0.3368
SD0Q2,52,53,-0.757,0.2596
SD0Q2,53,54,0.1214,-1.0104
SD0Q2,54,55,1.4526,-2.0917
SD0Q2,55,56,2.2574,-1.6283
SD0Q2,56,57,1.5538,-1.1903
SD0Q2,57,58,0.9564,-0.7795
SD0Q2,58,59,1.5926,0.1066
SD0Q2,59,60,2.9426,-1.4986
SD0Q2,60,61,2.0478,-2.0833
SD0Q2,61,62,1.1117,-1.9959
SD0Q2,62,63,0.3222,-0.5598
SD0Q2,63,64,-0.1224,-0.227
SD0Q2,64,65,0.616,-1.3766
SD0Q2,65,66,2.4687,-2.3739
SD0Q2,66,67,1.9753,-1.9597
SD0Q2,67,68,0.2248,-0.6196
SD0Q2,68,69,0.2304,-0.0031
SD0Q2,69,70,0.9765,-1.1182
SD0Q2,70,71,1.7607,-1.8994
SD0Q2,71,72,1.5014,-1.0959
SD0Q2,72,73,0.522,-0.6573
SD0Q2,73,74,0.9329,-0.3936
SD0Q2,74,75,1.1331,-0.7665
SD0Q2,75,76,1.4064,-1.3835
SD0Q2,76,77,0.0647,-0.6616
SD0Q2,77,78,0.3665,-0.4453
SD0Q2,78,79,-0.4372,-0.499
SD0Q2,79,80,1.1616,-1.5231
SD0Q2,80,81,2.0511,-0.9413
SD0Q2,81,82,1.8254,-0.9582
SD0Q2,82,83,0.8735,-0.365
SD0Q2,83,84,0.3207,-0.4439
SD0Q2,84,85,0.7248,-0.8642
SD0Q2,85,86,0.67,-1.2231
SD0Q2,86,87,1.6306,-2.0892
SD0Q2,87,88,1.3672,-1.2891
SD0Q2,88,89,0.9106,-0.5143
SD0Q2,89,90,0.3386,0.4007
SD0Q2,90,91,1.5635,-0.5494
SD0Q2,91,92,2.4944,-1.5502
SD0Q2,92,93,1.5802,-1.9401
SD0Q2,93,94,-0.2724,-1.2855
SD0Q2,94,95,0.3411,-0.0526
SD0Q2,95,96,0.9036,-0.3839
SD0Q2,96,97,2.1518,-1.5064
SD0Q2,97,98,2.0253,-1.0406
SD0Q2,98,99,1.0089,-1.4498
SD0Q2,99,100,0.1652,-0.2614
SD0Q2,100,101,-0.0383,-0.9583
SD0Q2,101,102,1.4122,-0.5121
SD0Q2,102,103,0.6338,-1.5728
SD0Q2,103,104,1.4104,-1.0817
SD0Q2,104,105,1.7303,-0.4952
SD0Q2,105,106,0.7192,-0.4781
SD0Q2,106,107,0.1927,-0.9319
SD0Q2,107,108,0.3023,-1.1058
SD0Q2,108,109,1.2313,-1.3428
SD0Q2,109,110,0.2936,-1.0546
SD0Q2,110,111,1.2341,-0.5027
SD0Q2,111,112,2.9543,-1.613
SD0Q2,112,113,1.0902,-1.1867
SD0Q2,113,114,2.3103,-1.8873
SD0Q2,114,115,1.2532,-1.1787
SD0Q2,115,116,0.3927,-0.3738
SD0Q2,116,117,1.1533,-0.7914
SD0Q2,117,118,1.6814,-1.6741
SD0Q2,118,119,2.4313,-1.4932
SD0Q2,119,120,2.1696,-1.0903
SD0Q2,120,121,3.6079,-0.9965
SD0Q2,121,122,2.0667,-1.3519
SD0Q2,122,123,1.6573,-1.1176
SD0Q2,123,124,1.2185,-0.8895
SD0Q2,124,125,2.0977,-1.0093
SD0Q2,125,126,2.1652,-1.0219
SD0Q2,126,127,2.7525,-0.7432
SD0Q2,127,128,2.4823,-1.0838
SD0Q2,128,129,3.0711,-1.3772
SD0Q2,129,130,1.9626,-1.014
SD0Q2,130,131,1.5018,-1.2116
SD0Q2,131,132,2.6829,-1.1621
SD0Q2,132,133,1.9988,-1.9236
SD0Q2,133,134,1.9801,-1.3492
SD0Q2,134,135,2.2869,-1.2556
SD0Q2,135,136,2.5349,-1.738
SD0Q2,136,137,2.2932,-1.641
SD0Q2,137,138,1.6481,-0.7802
SD0Q2,138,139,1.2928,-1.0654
SD0Q2,139,140,2.229,-1.0623
SD0Q2,140,141,1.8164,-1.4283
SD0Q2,141,142,2.0342,-0.9339
SD0Q2,142,143,2.8289,-0.8808
SD0Q2,143,144,2.6326,-1.2924
SD0Q2,144,145,2.2061,-0.8767
SD0Q2,145,146,2.3518,-1.2523
SD0Q2,146,147,2.2014,-1.107
SD0Q2,147,148,2.806,-1.3545
SD0Q2,148,149,3.9127,-1.4828
SD0Q2,149,150,3.3886,-0.7994
SD0Q2,150,151,3.4524,-1.4404
SD0Q2,151,152,2.3613,-1.0965
SD0Q2,152,153,2.145,-1.4372
SD0Q2,153,154,2.1866,-1.4684
SD0Q2,154,155,2.1379,-1.2058
SD0Q2,155,156,2.6238,-1.2683
SD0Q2,156,157,3.1271,-1.8127
SD0Q2,157,158,2.8503,-1.4701
SD0Q2,158,159,2.8138,-1.1761
SD0Q2,159,160,2.6519,-1.51
SD0Q2,160,161,2.8484,-1.5345
SD0Q2,161,162,1.859,-1.0386
SD0Q2,162,163,1.8404,-0.9807
SD0Q2,163,164,3.178,-1.5406
SD0Q2,164,165,2.8939,-1.1007
SD0Q2,165,166,2.6078,-1.5131
SD0Q2,166,167,2.6051,-0.7597
SD0Q2,167,168,2.7429,-1.7846
SD0Q2,168,169,2.7122,-1.0347
SD0Q2,169,170,3.0661,-1.4826
SD0Q2,170,171,2.4309,-1.5427
SD0Q2,171,172,2.8125,-1.464
SD0Q2,172,173,2.3489,-1.513
SD0Q2,173,174,2.8707,-1.3406
SD0Q2,174,175,2.3265,-1.2973
SD0Q2,175,176,3.4951,-1.3584
SD0Q2,176,177,2.6292,-1.4137
SD0Q2,177,178,2.3061,-0.9626
SD0Q2,178,179,3.0691,-1.2033
SD0Q2,179,180,2.785,-1.2219
SD0Q2,180,181,3.049,-1.5236
SD0Q2,181,182,2.7131,-1.3092
SD0Q2,182,183,3.2674,-1.1914
SD0Q2,183,184,3.6878,-1.6743
SD0Q2,184,185,3.151,-1.6037
SD0Q2,185,186,2.4993,-1.2764
SD0Q2,186,187,2.6667,-1.6934
SD0Q2,187,188,2.6778,-1.4093
SD0Q2,188,189,2.711,-1.0853
SD0Q2,189,190,2.6808,-1.0889
SD0Q2,190,191,2.9875,-1.6926
SD0Q2,191,192,2.267,-1.1183
SD0Q2,192,193,2.4808,-1.1918
SD0Q2,193,194,2.6963,-1.0651
SD0Q2,194,195,2.8376,-1.1353
SD0Q2,195,196,2.3447,-0.9639
SD0Q2,196,197,2.3316,-1.2495
SD0Q2,197,198,1.8545,-0.7372
SD0Q2,198,199,1.7751,-1.1078
SD0Q2,199,200,2.4245,-1.5008
SD0Q2,200,201,1.5452,-1.0152
SD0Q2,201,202,2.351,-1.2025
SD0Q2,202,203,2.3612,-0.8044
SD0Q2,203,204,2.6973,-0.8476
SD0Q2,204,205,2.3521,-1.4669
SD0Q2,205,206,1.9528,-1.1563
SD0Q2,206,207,2.2734,-1.3454
SD0Q2,207,208,1.4702,-0.7475
SD0Q2,208,209,1.6568,-1.0979
SD0Q2,209,210,0.9047,-0.7384
SD0Q2,210,211,2.0091,-1.1269
SD0Q2,211,212,2.0987,-1.2458
SD0Q2,212,213,2.0514,-1.0785
SD0Q2,213,214,3.9539,-1.6186
SD0Q2,214,215,2.6507,-1.3623
SD0Q2,215,216,2.3487,-0.8498
SD0Q2,216,217,3.1021,-1.2568
SD0Q2,217,218,2.2605,-1.1905
SD0Q2,218,219,2.4538,-1.5313
SD0Q2,219,220,2.2665,-1.4794
SD0Q2,220,221,0.7767,-0.874
SD0Q2,221,222,1.0998,-0.9755
SD0Q2,222,223,1.4154,-1.2944
SD0Q2,223,224,1.7749,-1.073
SD0Q2,224,225,3.5912,-1.5713
SD0Q2,225,226,3.0137,-1.3487
SD0Q2,226,227,2.5645,-0.8716
SD0Q2,227,228,1.1698,-0.9281
SD0Q2,228,229,0.5275,-0.9429
SD0Q2,229,230,0.6141,-1.0363
SD0Q2,230,231,0.9221,-0.7126
SD0Q2,231,232,1.2487,-0.7146
SD0Q2,232,233,2.4729,-1.4469
SD0Q2,233,234,3.1178,-0.9465
SD0Q2,234,235,3.3624,-0.8386
SD0Q2,235,236,1.5393,-0.698
SD0Q2,236,237,1.5023,-1.2905
SD0Q2,237,238,1.4563,-1.2582
SD0Q2,238,239,1.0188,-0.6884
SD0Q2,239,240,1.4964,-0.7913
SD0Q2,240,241,2.3526,-0.6921
SD0Q2,241,242,1.9848,-0.8597
SD0Q2,242,243,1.595,-1.18
SD0Q2,243,244,1.8609,-0.9416
SD0Q2,244,245,1.8628,-0.7438
SD0Q2,245,246,1.8608,-0.9059
SD0Q2,246,247,2.1374,-1.3706
SD0Q2,247,248,1.8775,-1.0614
SD0Q2,248,249,1.9353,-1.0333
SD0Q2,249,250,2.346,-0.7607
SD0Q2,250,251,1.3729,-0.8218
SD0Q2,251,252,1.1528,-0.7418
SD0Q2,252,253,2.3201,-0.8485
SD0Q2,253,254,1.8153,-1.4202
SD0Q2,254,255,1.8631,-1.4793
SD0Q2,255,256,-0.0856,-1.1329
SD0Q2,256,257,0.282,-0.5031
SD0Q2,257,258,1.6688,-1.3873
SD0Q2,258,259,1.8474,-1.4661
SD0Q2,259,260,2.7021,-1.169
SD0Q2,260,261,2.7235,-1.2678
SD0Q2,261,262,1.8351,-0.8593
SD0Q2,262,263,1.5111,-1.1327
SD0Q2,263,264,2.2889,-1.2993
SD0Q2,264,265,0.3581,-0.89
SD0Q2,265,266,1.1473,-1.1225
SD0Q2,266,267,1.2213,-1.0941
SD0Q2,267,268,1.7007,-0.6426
SD0Q2,268,269,1.9585,-0.9711
SD0Q2,269,270,1.9539,-1.2605
SD0Q2,270,271,1.7788,-1.9982
SD0Q2,271,272,2.0031,-1.603
SD0Q2,272,273,0.8638,-0.7586
SD0Q2,273,274,1.4453,-0.9796
SD0Q2,274,275,0.8711,-1.4679
SD0Q2,275,276,0.1282,-0.7184
SD0Q2,276,277,1.6132,-1.3414
SD0Q2,277,278,2.2207,-1.53
SD0Q2,278,279,1.6633,-0.8833
SD0Q2,279,280,1.5757,-0.8815
SD0Q2,280,281,0.9597,-1.2765
SD0Q2,281,282,0.9527,-0.6864
SD0Q2,282,283,0.8558,-0.6273
SD0Q2,283,284,1.7823,-0.7979
SD0Q2,284,285,1.8732,-1.0246
SD0Q2,285,286,2.3574,-1.0311
SD0Q2,286,287,1.6338,-0.5897
SD0Q2,287,288,1.2839,-0.4711
SD0Q2,288,289,1.0115,-1.2369
SD0Q2,289,290,1.7615,-1.1335
SD0Q2,290,291,1.4541,-0.7841
SD0Q2,291,292,2.3155,-0.777
SD0Q2,292,293,1.1612,-0.6705
SD0Q2,293,294,0.2935,-0.7004
SD0Q2,294,295,1.6722,-0.535
SD0Q2,295,296,1.7313,-0.5416
SD0Q2,296,297,2.5252,-0.8287
SD0Q2,297,298,1.6336,-1.0367
SD0Q2,298,299,1.0592,-0.7259
SD0Q2,299,300,1.0784,-0.8652
SD0Q3,0,1,0.8976,0.033
SD0Q3,1,2,0.9929,-0.1044
SD0Q3,2,3,0.9926,-0.3831
SD0Q3,3,4,0.8334,-0.397
SD0Q3,4,5,0.5979,-0.4215
SD0Q3,5,6,-0.2333,0.406
SD0Q3,6,7,0.1181,-0.0659
SD0Q3,7,8,0.4714,-0.2166
SD0Q3,8,9,0.5386,-0.0642
SD0Q3,9,10,0.7049,-0.2962
SD0Q3,10,11,0.6233,0.1046
SD0Q3,11,12,0.3233,-0.0466
SD0Q3,12,13,0.2106,0.1917
SD0Q3,13,14,0.4447,0.059
SD0Q3,14,15,0.1622,-0.0294
SD0Q3,15,16,0.2489,0.0571
SD0Q3,16,17,0.228,0.123
SD0Q3,17,18,0.0089,-0.0667
SD0Q3,18,19,0.0844,0.4705
SD0Q3,19,20,-0.3022,-0.2273
SD0Q3,20,21,-0.1075,-0.0716
SD0Q3,21,22,-0.1399,0.0673
SD0Q3,22,23,-0.1032,0.139
SD0Q3,23,24,0.1358,0.1632
SD0Q3,24,25,-0.2163,0.1107
SD0Q3,25,26,0.0903,-0.1686
SD0Q3,26,27,-0.205,-0.2782
SD0Q3,27,28,-0.6356,0.3876
SD0Q3,28,29,-0.0316,-0.0728
SD0Q3,29,30,-0.0972,-0.365
SD0Q3,30,31,-0.0944,-0.1815
SD0Q3,31,32,-0.3731,-0.1809
SD0Q3,32,33,-0.3751,-0.1499
SD0Q3,33,34,-0.46,-0.6664
SD0Q3,34,35,-0.4301,0.0117
SD0Q3,35,36,-0.3358,-0.5485
SD0Q3,36,37,-0.4334,-0.2722
SD0Q3,37,38,-0.5181,-0.1452
SD0Q3,38,39,-0.2024,-0.2318
SD0Q3,39,40,-0.235,-0.2426
SD0Q3,40,41,-0.1976,-0.0752
SD0Q3,41,42,-0.1394,-0.1399
SD0Q3,42,43,0.1845,-0.3928
SD0Q3,43,44,-0.6163,-0.0695
SD0Q3,44,45,-0.1908,-1.0788
SD0Q3,45,46,-0.6117,0.0193
SD0Q3,46,47,-0.3897,-0.527
SD0Q3,47,48,-0.438,-0.5706
SD0Q3,48,49,-0.4061,-0.0899
SD0Q3,49,50,-0.2421,-0.6154
SD0Q3,50,51,-0.4761,0.054
SD0Q3,51,52,-0.6184,0.0821
SD0Q3,52,53,-0.3426,-0.3344
SD0Q3,53,54,-0.1149,-0.1552
SD0Q3,54,55,-0.3725,-0.5871
SD0Q3,55,56,-0.813,-0.2101
SD0Q3,56,57,-0.4689,-0.2801
SD0Q3,57,58,-0.6672,0.0514
SD0Q3,58,59,-0.844,-0.6068
SD0Q3,59,60,-0.6968,-0.6014
SD0Q3,60,61,-0.4959,-0.5726
SD0Q3,61,62,-0.6423,-0.5632
SD0Q3,62,63,0.1092,-0.5825
SD0Q3,63,64,-0.6951,-0.2611
SD0Q3,64,65,-0.1486,-0.4354
SD0Q3,65,66,-0.3634,-0.1704
SD0Q3,66,67,-0.5383,0.0468
SD0Q3,67,68,-0.073,-0.2577
SD0Q3,68,69,-0.8166,-0.7392
SD0Q3,69,70,-0.4858,-0.0644
SD0Q3,70,71,-0.3842,-0.4749
SD0Q3,71,72,-0.2892,-0.2242
SD0Q3,72,73,-0.6067,-0.7805
SD0Q3,73,74,-0.5429,-0.1969
SD0Q3,74,75,-0.6466,-0.3588
SD0Q3,75,76,-0.6207,-0.4604
SD0Q3,76,77,-0.5817,-0.711
SD0Q3,77,78,-0.5751,-0.0254
SD0Q3,78,79,-0.5817,-0.5525
SD0Q3,79,80,-0.7881,-0.0596
SD0Q3,80,81,-0.2261,-0.799
SD0Q3,81,82,-0.5012,-0.7537
SD0Q3,82,83,-0.5526,-0.6812
SD0Q3,83,84,-0.3613,-0.3419
SD0Q3,84,85,-0.4247,-0.6026
SD0Q3,85,86,-0.6355,-0.9117
SD0Q3,86,87,-0.8656,-0.4653
SD0Q3,87,88,-0.1536,-0.2347
SD0Q3,88,89,-0.5518,-0.4731
SD0Q3,89,90,-0.4693,-1.0618
SD0Q3,90,91,-0.4681,-0.3052
SD0Q3,91,92,-0.4354,-0.4585
SD0Q3,92,93,-0.6837,-1.1308
SD0Q3,93,94,-0.3852,-0.6778
SD0Q3,94,95,-0.3583,-1.1611
SD0Q3,95,96,-0.6995,-0.0237
SD0Q3,96,97,-0.3898,-1.0695
SD0Q3,97,98,-0.4417,-0.1361
SD0Q3,98,99,-0.4399,-0.5226
SD0Q3,99,100,-0.2859,-0.8628
SD0Q3,100,101,-0.496,-0.4859
SD0Q3,101,102,-0.6726,-0.9267
SD0Q3,102,103,-1.203,-0.5678
SD0Q3,103,104,-0.418,-0.1315
SD0Q3,104,105,-0.6725,-0.3848
SD0Q3,105,106,-0.7868,-0.4416
SD0Q3,106,107,-0.7316,-0.9461
SD0Q3,107,108,-0.8083,-0.4937
SD0Q3,108,109,-0.0231,-0.6692
SD0Q3,109,110,-0.4723,-0.667
SD0Q3,110,111,-0.439,-0.8433
SD0Q3,111,112,-0.8545,-0.26
SD0Q3,112,113,-0.369,-0.4686
SD0Q3,113,114,-1.0396,-0.5019
SD0Q3,114,115,-0.7057,-0.9173
SD0Q3,115,116,-0.3235,-0.6759
SD0Q3,116,117,-0.5633,-0.2815
SD0Q3,117,118,-0.4974,-0.9477
SD0Q3,118,119,-0.2475,-0.1661
SD0Q3,119,120,-0.8526,-0.6772
SD0Q3,120,121,-0.3319,-0.3423
SD0Q3,121,122,-0.9254,-0.8004
SD0Q3,122,123,-0.3838,-0.553
SD0Q3,123,124,-0.0658,-0.4669
SD0Q3,124,125,-0.3336,-0.5241
SD0Q3,125,126,-0.4259,-0.4728
SD0Q3,126,127,-0.5763,-0.6325
SD0Q3,127,128,-0.6125,-0.7517
SD0Q3,128,129,-0.5413,0.095
SD0Q3,129,130,-0.708,-0.5575
SD0Q3,130,131,-0.0505,-0.4086
SD0Q3,131,132,-0.7219,-0.3442
SD0Q3,132,133,-0.7668,-0.6297
SD0Q3,133,134,-0.6336,-0.6919
SD0Q3,134,135,-0.7843,-0.5161
SD0Q3,135,136,-0.9287,-0.5722
SD0Q3,136,137,-0.8607,-0.723
SD0Q3,137,138,-0.7724,-0.4863
SD0Q3,138,139,-1.1717,-0.6725
SD0Q3,139,140,-0.7817,-0.7995
SD0Q3,140,141,-0.8327,-0.7658
SD0Q3,141,142,-0.7584,0.5005
SD0Q3,142,143,-1.0241,-0.838
SD0Q3,143,144,-0.848,-0.7991
SD0Q3,144,145,-0.6857,-0.6719
SD0Q3,145,146,-0.8452,-0.6978
SD0Q3,146,147,-1.284,-0.2774
SD0Q3,147,148,-0.7731,-0.3311
SD0Q3,148,149,-0.5568,-0.7682
SD0Q3,149,150,-0.3902,-0.9223
SD0Q3,150,151,-0.1366,-0.4456
SD0Q3,151,152,-0.3163,-1.3804
SD0Q3,152,153,-0.2367,-0.5301
SD0Q3,153,154,-1.0032,-0.929
SD0Q3,154,155,-0.42,-0.3652
SD0Q3,155,156,-0.2366,-1.0682
SD0Q3,156,157,-0.2761,-0.7514
SD0Q3,157,158,-0.4945,-0.6097
SD0Q3,158,159,-0.2076,-1.3347
SD0Q3,159,160,-0.3164,-0.4235
SD0Q3,160,161,-0.137,-0.7042
SD0Q3,161,162,-0.3589,-0.7992
SD0Q3,162,163,-0.0485,-0.6972
SD0Q3,163,164,-0.7713,-0.4153
SD0Q3,164,165,-0.7223,-0.3495
SD0Q3,165,166,-0.1651,-1.2169
SD0Q3,166,167,-0.2442,-0.3087
SD0Q3,167,168,-0.3121,0.0096
SD0Q3,168,169,-0.3139,-0.4978
SD0Q3,169,170,-0.6741,-1.1772
SD0Q3,170,171,-0.9974,-0.7691
SD0Q3,171,172,-1.0081,-0.5887
SD0Q3,172,173,-0.4287,-0.5678
SD0Q3,173,174,-0.1234,-0.7272
SD0Q3,174,175,-0.5963,-1.159
SD0Q3,175,176,-0.613,-0.651
SD0Q3,176,177,-0.2751,-0.615
SD0Q3,177,178,-0.4352,-0.5272
SD0Q3,178,179,-0.3627,-0.9675
SD0Q3,179,180,-0.4642,-0.3637
SD0Q3,180,181,-0.5572,-0.4612
SD0Q3,181,182,-0.1743,-0.7956
SD0Q3,182,183,-0.6197,-0.4317
SD0Q3,183,184,-0.0169,-0.1959
SD0Q3,184,185,-0.4852,0.0854
SD0Q3,185,186,-0.8251,-0.4667
SD0Q3,186,187,-0.7711,-0.9248
SD0Q3,187,188,-1.471,-0.8631
SD0Q3,188,189,-0.7672,-0.8804
SD0Q3,189,190,-1.1952,0.0465
SD0Q3,190,191,-0.9099,0.1032
SD0Q3,191,192,-0.7983,-0.9565
SD0Q3,192,193,-0.7822,-1.2489
SD0Q3,193,194,-0.8652,-0.828
SD0Q3,194,195,-0.5844,0.0158
SD0Q3,195,196,-0.8381,-0.9907
SD0Q3,196,197,-0.5416,-0.7532
SD0Q3,197,198,-0.8072,-0.501
SD0Q3,198,199,-0.5221,-0.8538
SD0Q3,199,200,-0.3737,-0.2476
SD0Q3,200,201,-0.3677,0.482
SD0Q3,201,202,-0.4943,-0.3071
SD0Q3,202,203,-0.546,-0.8977
SD0Q3,203,204,-0.8792,-0.8618
SD0Q3,204,205,-0.7124,-0.4377
SD0Q3,205,206,-0.8988,-0.3591
SD0Q3,206,207,-1.0398,-0.6996
SD0Q3,207,208,-1.075,0.3287
SD0Q3,208,209,-0.413,-0.5612
SD0Q3,209,210,-0.9093,0.2315
SD0Q3,210,211,-0.592,-0.0828
SD0Q3,211,212,-0.7666,-0.5682
SD0Q3,212,213,-0.9082,0.4981
SD0Q3,213,214,-0.5895,0.3753
SD0Q3,214,215,-1.2378,-0.3413
SD0Q3,215,216,-1.2717,0.0557
SD0Q3,216,217,-1.4861,-0.5781
SD0Q3,217,218,-1.2988,-0.3907
SD0Q3,218,219,-1.7177,-0.2319
SD0Q3,219,220,-0.9289,-0.2026
SD0Q3,220,221,-0.4957,-0.2014
SD0Q3,221,222,-0.847,0.1231
SD0Q3,222,223,-0.4349,-0.4775
SD0Q3,223,224,-0.3888,-0.5383
SD0Q3,224,225,-0.9296,-0.2152
SD0Q3,225,226,-0.9843,-0.0647
SD0Q3,226,227,-0.8643,0.2893
SD0Q3,227,228,-1.0915,-0.8275
SD0Q3,228,229,-0.7971,-0.1077
SD0Q3,229,230,-0.967,-0.0927
SD0Q3,230,231,-0.7443,-0.242
SD0Q3,231,232,-0.8633,-0.1463
SD0Q3,232,233,-0.7385,-0.2818
SD0Q3,233,234,-1.3159,-0.3146
SD0Q3,234,235,-0.3497,0.0343
SD0Q3,235,236,-0.9217,-0.1933
SD0Q3,236,237,-0.7291,-0.0018
SD0Q3,237,238,-0.7855,-0.554
SD0Q3,238,239,-0.1357,-0.0634
SD0Q3,239,240,-0.135,-0.1733
SD0Q3,240,241,-0.3792,-0.5081
SD0Q3,241,242,-0.7764,-0.3084
SD0Q3,242,243,-1.3677,-0.1282
SD0Q3,243,244,-0.7179,-0.3012
SD0Q3,244,245,-0.3524,-0.4863
SD0Q3,245,246,-0.6692,-0.6617
SD0Q3,246,247,-0.7479,0.6185
SD0Q3,247,248,-1.1387,0.6226
SD0Q3,248,249,-0.3699,0.2964
SD0Q3,249,250,-0.4843,-0.1852
SD0Q3,250,251,-0.4772,0.3652
SD0Q3,251,252,-0.7688,-0.0802
SD0Q3,252,253,-0.3273,-0.2354
SD0Q3,253,254,-0.5944,-0.324
SD0Q3,254,255,-0.6138,0.0372
SD0Q3,255,256,-0.8214,0.3802
SD0Q3,256,257,-0.8761,0.0344
SD0Q3,257,258,-0.501,-0.5267
SD0Q3,258,259,-0.5167,0.3197
SD0Q3,259,260,-0.4783,-0.6127
SD0Q3,260,261,-0.4809,-0.1331
SD0Q3,261,262,-0.9873,-0.1751
SD0Q3,262,263,-0.3726,-0.0931
SD0Q3,263,264,-0.4233,-0.0963
SD0Q3,264,265,-0.3248,-0.222
SD0Q3,265,266,-0.3557,0.6902
SD0Q3,266,267,-0.4943,-0.6013
SD0Q3,267,268,-0.2152,-0.0255
SD0Q3,268,269,-1.4608,-0.4485
SD0Q3,269,270,-0.5947,-0.146
SD0Q3,270,271,-0.2588,-0.2252
SD0Q3,271,272,0.0442,-0.1536
SD0Q3,272,273,-0.392,0.0655
SD0Q3,273,274,-0.3773,-0.1914
SD0Q3,274,275,-0.1337,-0.0533
SD0Q3,275,276,-0.5163,-0.4262
SD0Q3,276,277,-0.8306,-0.5041
SD0Q3,277,278,-0.2437,-0.3195
SD0Q3,278,279,-0.6032,-0.6394
SD0Q3,279,280,-0.8803,0.1783
SD0Q3,280,281,-0.7185,0.037
SD0Q3,281,282,0.0666,-0.0786
SD0Q3,282,283,-0.6217,-0.4518
SD0Q3,283,284,-0.596,0.1395
SD0Q3,284,285,-0.5205,-0.5552
SD0Q3,285,286,-0.8367,0.0449
SD0Q3,286,287,-1.2226,0.2678
SD0Q3,287,288,-0.78,-0.2212
SD0Q3,288,289,-0.642,-0.1659
SD0Q3,289,290,-0.1839,-0.5468
SD0Q3,290,291,0.2056,0.3464
SD0Q3,291,292,-0.3282,0.6594
SD0Q3,292,293,-0.1712,-0.3683
SD0Q3,293,294,-0.9255,-0.3692
SD0Q3,294,295,-0.4533,-0.332
SD0Q3,295,296,-0.7174,-0.6844
SD0Q3,296,297,-0.5069,0.0774
SD0Q3,297,298,-0.782,0.0196
SD0Q3,298,299,-0.6791,-0.1502
SD0Q3,299,300,-0.8623,-0.5646
SD0Q3,300,301,-0.8712,-0.3538
SD0Q3,301,302,-0.6071,-0.7893
SD0Q3,302,303,-0.2996,-0.519
SD0Q3,303,304,0.0738,-0.3223
SD0Q3,304,305,-0.4043,-0.5042
SD0Q3,305,306,-0.518,-0.7048
SD0Q3,306,307,-0.4591,-0.4839
SD0Q3,307,308,-0.4292,-0.3925
SD0Q3,308,309,-0.6514,-0.416
SD0Q3,309,310,0.0284,0.2795
SD0Q3,310,311,-0.2815,-0.3698
SD0Q3,311,312,-0.4999,-0.3413
SD0Q3,312,313,-0.2626,-0.2224
SD0Q3,313,314,-0.7612,-0.2536
SD0Q3,314,315,-0.84,-0.1525
SD0Q3,315,316,-0.4163,-0.3248
SD0Q3,316,317,0.1768,-0.0961
SD0Q3,317,318,-0.4311,0.0237
SD0Q3,318,319,-0.5482,-0.4966
SD0Q3,319,320,-0.0657,-0.6222
SD0Q3,320,321,-0.1479,-0.4066
SD0Q3,321,322,0.2146,-0.3669
SD0Q3,322,323,-0.3753,-0.4864
SD0Q3,323,324,-0.299,-0.5307
SD0Q3,324,325,-0.2368,0.4238
SD0Q3,325,326,-0.2699,-0.5797
SD0Q3,326,327,-0.0928,-0.1134
SD0Q3,327,328,-0.4804,-0.6746
SD0Q3,328,329,-0.2867,-0.2838
SD0Q3,329,330,-0.1795,-0.5437
SD0Q3,330,331,-0.6198,-0.7559
SD0Q3,331,332,-0.1613,-0.5256
SD0Q3,332,333,0.3562,-0.0263
SD0Q3,333,334,-0.3438,0.6558
SD0Q3,334,335,-0.0911,-0.1182
SD0Q3,335,336,-0.2073,0.2061
SD0Q3,336,337,-0.6087,-0.2487
SD0Q3,337,338,-0.2104,-0.8756
SD0Q3,338,339,-0.1575,0.0572
SD0Q3,339,340,-0.8586,0.2672
SD0Q3,340,341,-0.4872,0.1578
SD0Q3,341,342,-0.6292,-0.279
SD0Q3,342,343,-0.6023,-0.5171
SD0Q3,343,344,-0.4069,-0.2627
SD0Q3,344,345,-0.8117,-0.2178
SD0Q3,345,346,-1.1135,-0.5155
SD0Q3,346,347,-0.3913,-0.1714
SD0Q3,347,348,-0.5898,-0.5658
SD0Q3,348,349,-0.37,-0.0362
SD0Q3,349,350,0.0467,-1.0153
SD0Q3,350,351,-0.3823,-0.5121
SD0Q3,351,352,-0.156,-0.3457
SD0Q3,352,353,-0.653,0.1067
SD0Q3,353,354,-0.4837,-0.4516
SD0Q3,354,355,-0.8672,-0.1895
SD0Q3,355,356,-0.5931,-0.7516
SD0Q3,356,357,-0.7866,-0.7604
SD0Q3,357,358,-0.6899,0.0639
SD0Q3,358,359,-0.2608,-1.1729
SD0Q3,359,360,-0.6476,-0.6203
SD0Q3,360,361,-0.1659,0.1463
SD0Q3,361,362,-1.1894,0.4279
SD0Q3,362,363,-0.0915,0.007
SD0Q3,363,364,-0.2693,-0.468
SD0Q3,364,365,-0.4496,-0.4674
SD0Q3,365,366,-0.3918,-1.0791
SD0Q3,366,367,-0.9736,-0.3801
SD0Q3,367,368,-0.5713,-0.4241
SD0Q3,368,369,-0.3845,-0.7797
SD0Q3,369,370,-0.442,-0.0928
SD0Q3,370,371,-0.436,-0.1622
SD0Q3,371,372,-0.6019,-0.0496
SD0Q3,372,373,-0.4861,-0.2251
SD0Q3,373,374,-0.1751,-0.4026
SD0Q3,374,375,-0.5031,-0.1817
SD0Q3,375,376,-0.8493,0.3014
SD0Q3,376,377,-0.4826,0.0122
SD0Q3,377,378,-0.4918,0.2879
SD0Q3,378,379,-0.8224,-0.1551
SD0Q3,379,380,0.1202,-0.6456
SD0Q3,380,381,-0.8749,-0.5945
SD0Q3,381,382,-1.0893,-0.3718
SD0Q3,382,383,-0.616,-0.5904
SD0Q3,383,384,-0.6849,0.6397
SD0Q3,384,385,-0.4213,-0.5706
SD0Q3,385,386,-0.3226,-0.518
SD0Q3,386,387,-0.3033,-0.9532
SD0Q3,387,388,-0.5998,-0.0967
SD0Q3,388,389,-0.4047,-0.0774
SD0Q3,389,390,0.0265,-0.2855
SD0Q3,390,391,-0.3109,-0.0861
SD0Q3,391,392,-0.1656,-1.1826
SD0Q3,392,393,-0.0731,0.2323
SD0Q3,393,394,-0.5815,0.4528
SD0Q3,394,395,-0.061,-0.313
SD0Q3,395,396,-0.1677,0.2955
SD0Q3,396,397,-0.4057,-0.115
SD0Q3,397,398,-0.3298,-0.3037
SD0Q3,398,399,-0.5219,-0.0792
SD0Q3,399,400,-0.2337,-0.3348
SD0Q3,400,401,-0.4896,-0.0427
SD0Q3,401,402,-0.5725,-0.0233
SD0Q3,402,403,0.2052,-0.2038
SD0Q3,403,404,0.0443,-0.4633
SD0Q3,404,405,-0.1926,0.3398
SD0Q3,405,406,-0.9402,-0.2695
SD0Q3,406,407,-0.1991,-0.7001
SD0Q3,407,408,-0.0105,-0.5036
SD0Q3,408,409,-0.4467,-0.0807
SD0Q3,409,410,-0.2077,-0.255
SD0Q3,410,411,-0.08,-0.5414
SD0Q3,411,412,-0.9816,-0.3457
SD0Q3,412,413,-0.4663,0.4504
SD0Q3,413,414,-0.6373,-0.132
SD0Q3,414,415,-0.424,0.0071
SD0Q3,415,416,-0.7528,-0.2988
SD0Q3,416,417,-0.8096,0.1092
SD0Q3,417,418,-0.5728,-0.0037
SD0Q3,418,419,-0.5011,0.5004
SD0Q3,419,420,-0.692,0.1891
SD0Q3,420,421,-0.3582,0.2199
SD0Q3,421,422,-0.4182,-0.4111
SD0Q3,422,423,-0.4973,0.2291
SD0Q3,423,424,-0.6096,-0.2056
SD0Q3,424,425,-0.2756,-0.1535
SD0Q3,425,426,-0.193,-0.7815
SD0Q3,426,427,-0.5758,0.672
SD0Q3,427,428,0.0943,-0.4865
SD0Q3,428,429,-0.9094,-0.3378
SD0Q3,429,430,-0.2756,0.1828
SD0Q3,430,431,-0.674,-0.0188
SD0Q3,431,432,-0.5677,0.061
SD0Q3,432,433,-0.3512,-0.1672
SD0Q3,433,434,0.1285,-0.3461
SD0Q3,434,435,-0.6169,-0.5567
SD0Q3,435,436,-0.5928,0.0814
SD0Q3,436,437,0.1811,-0.0382
SD0Q3,437,438,-0.2282,-0.6012
SD0Q3,438,439,-0.9525,-0.4135
SD0Q3,439,440,-0.9337,-0.031
SD0Q3,440,441,-0.6795,0.0071
SD0Q3,441,442,-0.5935,-0.3694
SD0Q3,442,443,-0.4344,-0.0661
SD0Q3,443,444,-0.5395,-0.278
SD0Q3,444,445,-0.5463,-0.2444
SD0Q3,445,446,-0.1884,-0.9765
SD0Q3,446,447,-0.3414,0.3095
SD0Q3,447,448,-0.5093,-0.2888
SD0Q3,448,449,-0.5703,-0.0539
SD0Q3,449,450,0.0179,-0.3515
SD0Q3,450,451,-0.6312,-0.5924
SD0Q3,451,452,-0.1243,0.218
SD0Q3,452,453,-0.6313,0.2131
SD0Q3,453,454,-0.7878,-0.2014
SD0Q3,454,455,-0.726,-0.2351
SD0Q3,455,456,-0.5281,-0.6375
SD0Q3,456,457,0.0186,0.0829
SD0Q3,457,458,-0.3875,-0.2863
SD0Q3,458,459,-0.431,-0.0304
SD0Q3,459,460,-0.6413,0.2961
SD0Q3,460,461,-0.4376,-0.7553
SD0Q3,461,462,-0.6042,0.2021
SD0Q3,462,463,-0.7423,0.8505
SD0Q3,463,464,-0.9224,-0.1102
SD0Q3,464,465,-0.5346,-0.1346
SD0Q3,465,466,-0.1413,-0.7591
SD0Q3,466,467,-0.6983,-0.4829
SD0Q3,467,468,-1.2851,0.0741
SD0Q3,468,469,-1.2008,-0.1765
SD0Q3,469,470,0.2265,0.104
SD0Q3,470,471,-0.9026,-0.4952
SD0Q3,471,472,-0.7518,-0.2191
SD0Q3,472,473,-1.1531,0.2224
SD0Q3,473,474,-0.6591,0.0264
SD0Q3,474,475,-0.7242,-0.0325
SD0Q3,475,476,-0.9303,-0.66
SD0Q3,476,477,-1.6676,-0.0312
SD0Q3,477,478,-0.925,-0.5072
SD0Q3,478,479,-1.1201,0.0104
SD0Q3,479,480,-0.9456,-0.2383
SD0Q3,480,481,-0.9064,-0.4003
SD0Q3,481,482,-0.3808,-0.0631
SD0Q3,482,483,-1.0386,0.0856
SD0Q3,483,484,-0.9904,-0.673
SD0Q3,484,485,-0.5981,-0.3071
SD0Q3,485,486,-1.1707,0.0833
SD0Q3,486,487,-1.4591,0.2154
SD0Q3,487,488,-1.1005,0.1592
SD0Q3,488,489,-0.4426,0.1525
SD0Q3,489,490,-0.5084,-0.287
SD0Q3,490,491,-0.9954,-1.1863
SD0Q3,491,492,-1.0419,-0.5946
SD0Q3,492,493,-0.9093,-0.1654
SD0Q3,493,494,-0.6435,-0.7366
SD0Q3,494,495,-0.8985,-0.3684
SD0Q3,495,496,-0.8196,-0.4766
SD0Q3,496,497,-0.8542,-0.7159
SD0Q3,497,498,-0.9095,-0.7888
SD0Q3,498,499,-0.4393,0.0504
SD0Q3,499,500,-0.5939,-0.0001
SD0Q3,500,501,-0.9861,-0.5814
SD0Q3,501,502,-0.9735,-0.0098
SD0Q3,502,503,-0.5021,0.0755
SD0Q3,503,504,-1.0088,-0.7503
SD0Q3,504,505,-0.847,0.3025
SD0Q3,505,506,-1.0943,0.9107
SD0Q3,506,507,-1.1695,-0.3792
SD0Q3,507,508,-0.8079,0.0249
SD0Q3,508,509,-0.4738,-0.6389
SD0Q3,509,510,-0.9133,-0.0702
SD0Q3,510,511,-0.5823,-0.5508
SD0Q3,511,512,-0.5009,-0.2301
SD0Q3,512,513,-0.8409,-0.5333
SD0Q3,513,514,-0.8107,-0.7929
SD0Q3,514,515,-0.7089,-0.0952
SD0Q3,515,516,-0.7454,-0.1957
SD0Q3,516,517,-0.5132,-0.2694
SD0Q3,517,518,-0.7695,-0.1793
SD0Q3,518,519,-1.4108,-0.5245
SD0Q3,519,520,-1.275,-0.4827
SD0Q3,520,521,-0.4494,-0.1878
SD0Q3,521,522,-1.3093,-0.2353
SD0Q3,522,523,-1.2445,-0.5782
SD0Q3,523,524,-0.9107,-0.5837
SD0Q3,524,525,-0.5072,0.1219
SD0Q3,525,526,-0.9691,-0.2615
SD0Q3,526,527,-0.7466,0.1398
SD0Q3,527,528,-1.2531,0.1482
SD0Q3,528,529,-0.4695,-0.2229
SD0Q3,529,530,-0.7002,-0.4063
SD0Q3,530,531,-1.0162,-0.1522
SD0Q3,531,532,-0.945,-0.3289
SD0Q3,532,533,-0.9391,0.3437
SD0Q3,533,534,-0.3362,-0.1839
SD0Q3,534,535,-1.2438,0.144
SD0Q3,535,536,-0.578,-0.6997
SD0Q3,536,537,-0.9775,-0.3528
SD0Q3,537,538,-0.9065,0.0797
SD0Q3,538,539,-0.8098,-0.1902
SD0Q3,539,540,-0.912,-0.6947
SD0Q3,540,541,-0.942,-0.0593
SD0Q3,541,542,-0.7903,-0.2744
SD0Q3,542,543,-1.2219,-0.2756
SD0Q3,543,544,-0.9008,-0.2359
SD0Q3,544,545,-1.0638,0.2138
SD0Q3,545,546,-1.3236,-0.4975
SD0Q3,546,547,-0.5129,-0.3653
SD0Q3,547,548,-0.6246,-0.296
SD0Q3,548,549,-0.7861,-0.5504
SD0Q3,549,550,-1.2165,0.451
SD0Q3,550,551,-0.0957,-0.2691
SD0Q3,551,552,-0.9738,0.2169
SD0Q3,552,553,-0.7041,-0.0227
SD0Q3,553,554,-0.9776,0.621
SD0Q3,554,555,-0.9719,-0.7277
SD0Q3,555,556,-0.6619,0.1128
SD0Q3,556,557,-1.352,-0.4164
SD0Q3,557,558,-0.6794,-0.5591
SD0Q3,558,559,-0.9702,-0.4093
SD0Q3,559,560,-0.5651,-0.955
SD0Q3,560,561,-1.0729,0.1338
SD0Q3,561,562,-1.3336,-0.0489
SD0Q3,562,563,-0.7629,-0.1568
SD0Q3,563,564,-1.1819,-0.0533
SD0Q3,564,565,-0.7077,0.6169
SD0Q3,565,566,-1.021,-0.2872
SD0Q3,566,567,-0.6369,0.0662
SD0Q3,567,568,-1.025,-0.5819
SD0Q3,568,569,-0.8723,-0.1138
SD0Q3,569,570,-1.0265,-0.2261
SD0Q3,570,571,-1.0653,-0.0882
SD0Q3,571,572,-1.1148,-0.0281
SD0Q3,572,573,-1.1199,-0.372
SD0Q3,573,574,-0.8459,-0.4482
SD0Q3,574,575,-1.0247,0.2915
SD0Q3,575,576,-1.0356,-0.1573
SD0Q3,576,577,-0.7977,-0.906
SD0Q3,577,578,-0.8612,-0.0203
SD0Q3,578,579,-0.4891,-0.0309
SD0Q3,579,580,-0.9548,-0.6717
SD0Q3,580,581,-1.282,-0.6321
SD0Q3,581,582,-0.495,-0.2358
SD0Q3,582,583,-0.9095,-0.3384
SD0Q3,583,584,-0.9804,-0.7753
SD0Q3,584,585,-0.9842,-0.2131
SD0Q3,585,586,-0.5947,-0.3941
SD0Q3,586,587,-1.3771,-0.2527
SD0Q3,587,588,-1.3256,-0.4571
SD0Q3,588,589,-0.4866,-0.5193
SD0Q3,589,590,-0.329,-0.2211
SD0Q3,590,591,-0.423,-0.0553
SD0Q3,591,592,-0.0989,-0.753
SD0Q3,592,593,-0.7098,0.403
SD0Q3,593,594,-0.6675,-0.1102
SD0Q3,594,595,-0.1045,0.0568
SD0Q3,595,596,-0.7031,-0.1378
SD0Q3,596,597,-1.0902,-0.8549
SD0Q3,597,598,-1.2931,-0.3119
SD0Q3,598,599,-0.9514,-0.3146
SD0Q3,599,600,-1.1321,-0.2307
SD0Q3,600,601,-0.2893,0.2303
SD0Q3,601,602,-0.4426,-0.0871
SD0Q3,602,603,-0.7973,0.058
SD0Q3,603,604,-0.2762,0.2603
SD0Q3,604,605,-0.9695,-0.0017
SD0Q3,605,606,-1.0305,-0.1761
SD0Q3,606,607,-0.5939,0.0402
SD0Q3,607,608,-0.461,-0.1799
SD0Q3,608,609,-0.7129,-0.1832
SD0Q3,609,610,-0.2782,-0.2805
SD0Q3,610,611,-0.6998,0.0076
SD0Q3,611,612,-0.8619,-0.2313
SD0Q3,612,613,-0.1886,-0.8935
SD0Q3,613,614,-1.2833,0.2272
SD0Q3,614,615,-1.0417,0.1066
SD0Q3,615,616,-1.0121,0.01
SD0Q3,616,617,-1.1131,-0.4853
SD0Q3,617,618,-1.1701,-0.1824
SD0Q3,618,619,-1.1083,-0.276
SD0Q3,619,620,-1.2593,-0.0982
SD0Q3,620,621,-0.8602,0.114
SD0Q3,621,622,-0.9697,0.109
SD0Q3,622,623,-0.5125,-0.0724
SD0Q3,623,624,-1.113,-0.0294
SD0Q3,624,625,-0.9392,-0.7083
SD0Q3,625,626,-1.1815,-0.486
SD0Q3,626,627,-1.2403,-0.3278
SD0Q3,627,628,-1.0764,-0.0084
SD0Q3,628,629,-1.013,-0.2739
SD0Q3,629,630,-0.8641,-0.5368
SD0Q3,630,631,-1.1147,-0.1139
SD0Q3,631,632,-0.4137,-0.5445
SD0Q3,632,633,-0.4514,-0.0051
SD0Q3,633,634,-1.0274,-0.3465
SD0Q3,634,635,-0.8895,-0.2972
SD0Q3,635,636,-1.1793,0.0209
SD0Q3,636,637,-0.9434,-0.1693
SD0Q3,637,638,-0.6245,-0.8389
SD0Q3,638,639,-0.9239,-0.2088
SD0Q3,639,640,-1.0064,-0.5262
SD0Q3,640,641,-0.7334,-0.5704
SD0Q3,641,642,-1.2404,0.1985
SD0Q3,642,643,-0.8184,-0.6851
SD0Q3,643,644,-1.2201,0.8557
SD0Q3,644,645,-0.6187,-0.5424
SD0Q3,645,646,-0.6005,-0.3893
SD0Q3,646,647,-0.8711,-0.0145
SD0Q3,647,648,-1.0579,-0.1203
SD0Q3,648,649,-1.1593,-0.0587
SD0Q3,649,650,-1.0918,-0.6747
SD0Q3,650,651,-0.7182,-0.5334
SD0Q3,651,652,-1.2067,-0.2502
SD0Q3,652,653,-0.5684,-0.1667
SD0Q3,653,654,-0.9094,0.7546
SD0Q3,654,655,-0.2792,-0.5212
SD0Q3,655,656,-0.286,0.1588
SD0Q3,656,657,-0.6121,-0.1905
SD0Q3,657,658,-0.1852,-0.1797
SD0Q3,658,659,-0.7189,-0.5324
SD0Q3,659,660,-0.6318,-0.3302
SD0Q3,660,661,-0.5772,-0.5504
SD0Q3,661,662,-0.3903,0.1518
SD0Q3,662,663,-0.4094,0.3018
SD0Q3,663,664,-0.6483,0.2856
SD0Q3,664,665,-0.8898,-0.5949
SD0Q3,665,666,-1.1267,0.1643
SD0Q3,666,667,-1.035,-0.2352
SD0Q3,667,668,-1.082,-0.663
SD0Q3,668,669,-0.7001,0.4063
SD0Q3,669,670,-0.4642,-0.52
SD0Q3,670,671,-0.4606,0.1113
SD0Q3,671,672,-0.595,0.05
SD0Q3,672,673,-0.1853,-0.5612
SD0Q3,673,674,-0.1409,-0.3672
SD0Q3,674,675,-1.1138,0.0146
SD0Q3,675,676,-0.2075,-0.3806
SD0Q3,676,677,-0.8021,-0.6327
SD0Q3,677,678,-1.1954,-0.04
SD0Q3,678,679,-1.0385,0.2877
SD0Q3,679,680,-0.7899,0.2403
SD0Q3,680,681,-0.3248,-0.0429
SD0Q3,681,682,-0.5713,0.3527
SD0Q3,682,683,-0.8241,-0.4091
SD0Q3,683,684,-0.9584,0.9504
SD0Q3,684,685,-0.3671,-0.2333
SD0Q3,685,686,-0.5495,0.1672
SD0Q3,686,687,-0.775,-0.1211
SD0Q3,687,688,-1.01,-0.4563
SD0Q3,688,689,-0.26,-0.3385
SD0Q3,689,690,-0.713,-0.0736
SD0Q3,690,691,-0.8824,0.1908
SD0Q3,691,692,-1.3785,-0.522
SD0Q3,692,693,-0.8244,-0.7119
SD0Q3,693,694,-0.7373,-0.2446
SD0Q3,694,695,-1.0792,-0.0744
SD0Q3,695,696,-0.2157,0.0812
SD0Q3,696,697,-1.2294,-0.6593
SD0Q3,697,698,-0.9079,-0.1832
SD0Q3,698,699,-0.9871,0.009
SD0Q3,699,700,-0.7811,0.1534
SD0Q3,700,701,-1.0935,0.3281
SD0Q3,701,702,-0.8567,-0.1478
SD0Q3,702,703,-0.5299,-0.4036
SD0Q3,703,704,-0.8273,-0.8308
SD0Q3,704,705,-0.5213,0.1445
SD0Q3,705,706,-0.9958,-0.8053
SD0Q3,706,707,-0.6289,0.4671
SD0Q3,707,708,-0.6719,-0.6211
SD0Q3,708,709,-0.5197,-0.1974
SD0Q3,709,710,-0.5676,-0.3131
SD0Q3,710,711,-0.5455,0.0473
SD0Q3,711,712,-0.4863,-0.843
SD0Q3,712,713,-0.5429,-0.3517
SD0Q3,713,714,-0.2451,-0.4038
SD0Q3,714,715,-0.8095,0.2123
SD0Q3,715,716,-0.6424,-0.2272
SD0Q3,716,717,-0.4646,-0.1036
SD0Q3,717,718,-0.1925,0.4488
SD0Q3,718,719,-0.6546,-0.2072
SD0Q3,719,720,-0.5061,-0.1947
SD0Q3,720,721,-0.7277,-0.257
SD0Q3,721,722,-1.0825,0.0617
SD0Q3,722,723,-0.5391,-0.276
SD0Q3,723,724,-0.4777,-0.5762
SD0Q3,724,725,-1.0965,-0.3864
SD0Q3,725,726,-0.1487,-0.0102
SD0Q3,726,727,-0.473,-0.2516
SD0Q3,727,728,-0.5183,-1.0204
SD0Q3,728,729,-0.7837,-0.1764
SD0Q3,729,730,-0.6663,0.4548
SD0Q3,730,731,-0.9433,-0.5816
SD0Q3,731,732,-0.3687,-0.1433
SD0Q3,732,733,-0.7687,-0.0593
SD0Q3,733,734,-0.5346,-0.2544
SD0Q3,734,735,-0.8104,-0.2309
SD0Q3,735,736,-0.1631,-0.097
SD0Q3,736,737,-0.1477,-0.4657
SD0Q3,737,738,-0.783,-0.0833
SD0Q3,738,739,-0.5579,-0.6177
SD0Q3,739,740,-0.3315,0.4855
SD0Q3,740,741,-0.5552,-0.7415
SD0Q3,741,742,0.0856,0.0191
SD0Q3,742,743,-0.5748,0.095
SD0Q3,743,744,-0.9157,-0.3412
SD0Q3,744,745,-0.4901,-0.0255
SD0Q3,745,746,-0.399,0.5785
SD0Q3,746,747,-0.7868,-1.3553
SD0Q3,747,748,-0.3123,0.0954
SD0Q3,748,749,-0.3468,-0.3283
SD0Q3,749,750,-0.3714,0.0631
SD0Q3,750,751,-0.6479,-0.6489
SD0Q3,751,752,-0.5001,-0.3937
SD0Q3,752,753,-0.9046,-0.3069
SD0Q3,753,754,-0.4231,-0.0907
SD0Q3,754,755,-0.9201,-0.4881
SD0Q3,755,756,-0.4866,-0.0868
SD0Q3,756,757,-0.6799,-0.3208
SD0Q3,757,758,-0.3991,0.1234
SD0Q3,758,759,-0.5869,-0.6065
SD0Q3,759,760,-0.7434,-0.2486
SD0Q3,760,761,-0.7945,-0.1138
SD0Q3,761,762,-0.6173,-0.0656
SD0Q3,762,763,-1.04,-0.9773
SD0Q3,763,764,-0.983,-0.2667
SD0Q3,764,765,-0.3129,-0.2742
SD0Q3,765,766,-0.8262,-0.2467
SD0Q3,766,767,-0.3514,0.1465
SD0Q3,767,768,-0.9164,-0.066
SD0Q3,768,769,-0.2669,-0.0005
SD0Q3,769,770,-0.2737,0.1268
SD0Q3,770,771,-0.8884,-0.7
SD0Q3,771,772,-0.406,0.1761
SD0Q3,772,773,-0.3869,-0.154
SD0Q3,773,774,-1.4434,0.2074
SD0Q3,774,775,-0.4137,0.3997
SD0Q3,775,776,-0.7226,0.2656
SD0Q3,776,777,-0.632,0.0769
SD0Q3,777,778,-0.5306,-0.0078
SD0Q3,778,779,-0.3897,-0.2202
SD0Q3,779,780,-0.3438,-0.1326
SD0Q3,780,781,-0.6859,0.0485
SD0Q3,781,782,-0.603,-0.4183
SD0Q3,782,783,-0.7616,0.3407
SD0Q3,783,784,-1.0426,0.0602
SD0Q3,784,785,-0.9327,-0.4353
SD0Q3,785,786,-1.3024,-0.7088
SD0Q3,786,787,-1.1477,-0.3156
SD0Q3,787,788,-0.8063,-0.2871
SD0Q3,788,789,-1.0894,-0.0029
SD0Q3,789,790,-0.8351,-0.1934
SD0Q3,790,791,0.069,-0.4111
SD0Q3,791,792,-1.0149,-0.4236
SD0Q3,792,793,-0.4923,0.5204
SD0Q3,793,794,-0.1111,-0.3784
SD0Q3,794,795,-0.587,-0.2522
SD0Q3,795,796,-0.5447,-0.4281
SD0Q3,796,797,-0.4364,0.4743
SD0Q3,797,798,-0.6471,0.4847
SD0Q3,798,799,-1.1883,-0.0646
SD0Q3,799,800,-0.9637,-0.4408
SD0Q3,800,801,-0.6417,-0.0864
SD0Q3,801,802,-0.7421,0.1321
SD0Q3,802,803,-0.6509,0.0218
SD0Q3,803,804,-0.217,-1.1594
SD0Q3,804,805,-0.6461,0.1674
SD0Q3,805,806,-0.5097,-0.5572
SD0Q3,806,807,-0.3085,-0.2537
SD0Q3,807,808,-0.5618,-0.5498
SD0Q3,808,809,-1.0569,0.4703
SD0Q3,809,810,-0.7351,0.0903
SD0Q3,810,811,-0.7609,0.0821
SD0Q3,811,812,-0.6786,0.1065
SD0Q3,812,813,-0.7027,-0.7699
SD0Q3,813,814,-0.623,-0.0257
SD0Q3,814,815,-0.7788,0.0101
SD0Q3,815,816,-0.7592,-0.5415
SD0Q3,816,817,-0.624,-0.293
SD0Q3,817,818,-0.0386,-0.6
SD0Q3,818,819,-0.0458,-0.203
SD0Q3,819,820,0.2484,-0.0906
SD0Q3,820,821,-0.8212,-0.1202
SD0Q3,821,822,-0.4353,-0.179
SD0Q3,822,823,-0.6702,-0.2774
SD0Q3,823,824,-0.4734,0.2133
SD0Q3,824,825,-0.6673,-0.6051
SD0Q3,825,826,-0.8702,-0.4186
SD0Q3,826,827,-1.0509,-0.2441
SD0Q3,827,828,-0.1733,0.033
SD0Q3,828,829,-0.333,-0.2742
SD0Q3,829,830,-0.1588,-0.6411
SD0Q3,830,831,-0.6706,-0.3608
SD0Q3,831,832,-0.7186,-0.9522
SD0Q3,832,833,-1.0829,-0.2941
SD0Q3,833,834,-0.8655,-0.2675
SD0Q3,834,835,-1.2021,-0.5049
SD0Q3,835,836,-1.4749,0.309
SD0Q3,836,837,-1.0462,-0.7231
SD0Q3,837,838,-0.941,-0.0955
SD0Q3,838,839,-0.4366,-0.8725
SD0Q3,839,840,-0.9741,-0.7408
SD0Q3,840,841,-0.9559,-0.1596
SD0Q3,841,842,-0.3311,-1.0508
SD0Q3,842,843,-0.6652,-0.0409
SD0Q3,843,844,-0.9075,-0.2653
SD0Q3,844,845,-1.1518,0.1138
SD0Q3,845,846,-1.0647,0.1728
SD0Q3,846,847,-1.486,-0.2339
SD0Q3,847,848,-1.3027,-0.1805
SD0Q3,848,849,-0.9848,0.0306
SD0Q3,849,850,-0.6962,-0.4956
SD0Q3,850,851,-1.1378,-0.6247
SD0Q3,851,852,-0.5272,-0.0631
SD0Q3,852,853,-0.7536,-0.4382
SD0Q3,853,854,-0.6315,-0.2283
SD0Q3,854,855,-0.6938,-0.2178
SD0Q3,855,856,-0.7723,-0.8835
SD0Q3,856,857,-1.1532,0.0862
SD0Q3,857,858,-0.5286,-0.0963
SD0Q3,858,859,-0.5214,-0.1203
SD0Q3,859,860,-0.7187,-0.4886
SD0Q3,860,861,-0.3604,-0.6363
SD0Q3,861,862,-0.5946,0.2314
SD0Q3,862,863,-1.0869,-0.3217
SD0Q3,863,864,-0.1425,-0.03
SD0Q3,864,865,-0.3046,-0.533
SD0Q3,865,866,-0.5199,-0.486
SD0Q3,866,867,-0.8609,0.4769
SD0Q3,867,868,-1.2991,-0.5583
SD0Q3,868,869,-0.663,0.0907
SD0Q3,869,870,-0.5374,-0.3576
SD0Q3,870,871,-0.6465,-0.6102
SD0Q3,871,872,-1.3542,-0.0713
SD0Q3,872,873,-0.9734,-0.289
SD0Q3,873,874,-1.2864,-0.6849
SD0Q3,874,875,-1.1869,-0.1049
SD0Q3,875,876,-0.8727,0.0044
SD0Q3,876,877,-1.079,0.3989
SD0Q3,877,878,-1.1152,0.4684
SD0Q3,878,879,-1.4464,-0.5896
SD0Q3,879,880,-1.1765,-0.4148
SD0Q3,880,881,-1.4552,-0.5091
SD0Q3,881,882,-1.3113,-0.5612
SD0Q3,882,883,-0.6017,-0.0046
SD0Q3,883,884,-1.0349,-0.1814
SD0Q3,884,885,-1.3154,-0.0683
SD0Q3,885,886,-0.8285,0.2689
SD0Q3,886,887,-1.1009,-0.2115
SD0Q3,887,888,-1.1863,-0.7053
SD0Q3,888,889,-1.1704,-0.1017
SD0Q3,889,890,-1.354,-0.7049
SD0Q3,890,891,-1.0716,-0.533
SD0Q3,891,892,-0.9316,0.3127
SD0Q3,892,893,-1.26,0.0489
SD0Q3,893,894,-0.7558,-0.5851
SD0Q3,894,895,-1.1249,-0.198
SD0Q3,895,896,-1.0326,-0.31
SD0Q3,896,897,-0.9789,-0.0329
SD0Q3,897,898,-1.1982,0.4331
SD0Q3,898,899,-0.8911,-0.1921
SD0Q3,899,900,-0.8035,-0.4565
SD0Q3,900,901,-0.6979,0.2977
SD0Q3,901,902,-1.3711,-0.2995
SD0Q3,902,903,-1.444,-0.6006
SD0Q3,903,904,-1.2835,-0.0675
SD0Q3,904,905,-1.2731,-0.5601
SD0Q3,905,906,-0.9851,0.0935
SD0Q3,906,907,-0.8079,0.2556
SD0Q3,907,908,-0.9052,-0.2322
SD0Q3,908,909,-1.0629,-0.3269
SD0Q3,909,910,-1.1426,0.2657
SD0Q3,910,911,-0.8701,-0.0634
SD0Q3,911,912,-1.3849,0.6291
SD0Q3,912,913,-0.5424,-0.4128
SD0Q3,913,914,-1.172,0.7235
SD0Q3,914,915,-1.1053,-0.1649
SD0Q3,915,916,-0.7691,0.3966
SD0Q3,916,917,-1.3007,0.62
SD0Q3,917,918,-1.2815,0.0163
SD0Q3,918,919,-1.9383,0.0944
SD0Q3,919,920,-1.2854,-0.1901
SD0Q3,920,921,-1.141,0.2732
SD0Q3,921,922,-1.0102,0.7104
SD0Q3,922,923,-0.8278,-0.2102
SD0Q3,923,924,-0.7727,-0.7002
SD0Q3,924,925,-0.6167,-0.1629
SD0Q3,925,926,-0.8971,-0.6807
SD0Q3,926,927,-1.0671,-0.2145
SD0Q3,927,928,-0.7023,0.5305
SD0Q3,928,929,-1.7787,-0.2171
SD0Q3,929,930,-1.4013,-0.2928
SD0Q3,930,931,-0.887,-0.287
SD0Q3,931,932,-0.546,0.3319
SD0Q3,932,933,-1.0898,0.5142
SD0Q3,933,934,-0.6216,0.1989
SD0Q3,934,935,-0.8138,-0.2373
SD0Q3,935,936,-0.6733,-0.0809
SD0Q3,936,937,-1.0609,0.0221
SD0Q3,937,938,-0.3612,-0.6797
SD0Q3,938,939,-0.7037,0.053
SD0Q3,939,940,-0.8169,-0.2917
SD0Q3,940,941,-0.8274,-0.0494
SD0Q3,941,942,-0.8168,-0.3951
SD0Q3,942,943,-1.1475,-0.7165
SD0Q3,943,944,-1.5426,-0.3112
SD0Q3,944,945,-0.7356,-0.6843
SD0Q3,945,946,-0.8653,-0.0493
SD0Q3,946,947,-0.9688,-0.5593
SD0Q3,947,948,-1.1746,0.1084
SD0Q3,948,949,-1.0418,1.2736
SD0Q3,949,950,-1.1115,0.8147
SD0Q3,950,951,-0.6866,-0.2031
SD0Q3,951,952,-1.5407,-0.8131
SD0Q3,952,953,-1.1856,-0.094
SD0Q3,953,954,-1.106,-0.1683
SD0Q3,954,955,-1.0229,-0.4386
SD0Q3,955,956,-0.7915,-0.6051
SD0Q3,956,957,-1.119,0.4737
SD0Q3,957,958,-1.2144,-0.555
SD0Q3,958,959,-0.7575,-0.4472
SD0Q3,959,960,-0.6247,0.3513
SD0Q3,960,961,-0.7206,-0.638
SD0Q3,961,962,-1.5992,-0.6701
SD0Q3,962,963,-1.8026,-0.4052
SD0Q3,963,964,-0.9511,-0.9975
SD0Q3,964,965,-0.9802,-0.3401
SD0Q3,965,966,-1.0734,0.0614
SD0Q3,966,967,-1.4965,-0.0521
SD0Q3,967,968,-1.2581,0.3982
SD0Q3,968,969,-0.4384,-0.0851
SD0Q3,969,970,-1.0597,-0.402
SD0Q3,970,971,-0.7607,0.2068
SD0Q3,971,972,-1.1129,0.1208
SD0Q3,972,973,-1.0116,-0.6256
SD0Q3,973,974,-1.2936,0.0677
SD0Q3,974,975,-1.7231,-0.0888
SD0Q3,975,976,-1.5243,0.0934
SD0Q3,976,977,-1.559,-0.2462
SD0Q3,977,978,-1.6259,-0.8516
SD0Q3,978,979,-1.3954,-0.9311
SD0Q3,979,980,-1.114,-0.4749
SD0Q3,980,981,-1.7831,-0.6302
SD0Q3,981,982,-1.505,-0.6574
SD0Q3,982,983,-1.5406,-0.4542
SD0Q3,983,984,-1.2346,0.2643
SD0Q3,984,985,-0.7662,-0.2929
SD0Q3,985,986,-0.9237,0.319
SD0Q3,986,987,-0.4956,-0.2224
SD0Q3,987,988,-1.2706,-0.5457
SD0Q3,988,989,-0.9245,-0.4287
SD0Q3,989,990,-0.2823,-0.3559
SD0Q3,990,991,-1.1968,-0.4635
SD0Q3,991,992,-0.9631,-0.7205
SD0Q3,992,993,-1.3825,-0.1415
SD0Q3,993,994,-0.8622,0.0954
SD0Q3,994,995,-0.8271,0.1895
SD0Q3,995,996,-1.4616,-0.0481
SD0Q3,996,997,-1.4661,-0.6136
SD0Q3,997,998,-1.1898,-0.813
SD0Q3,998,999,-0.803,0.2469
SD0Q3,999,1000,-0.8171,-0.6002
SD0Q3,1000,1001,-1.0649,0.1274
SD0Q3,1001,1002,-1.0743,-0.5534
SD0Q3,1002,1003,-1.1594,-0.0236
SD0Q3,1003,1004,-0.4907,-0.629
SD0Q3,1004,1005,-0.2531,-0.7802
SD0Q3,1005,1006,-0.8456,-0.2756
SD0Q3,1006,1007,-0.7718,-0.3869
SD0Q3,1007,1008,-1.1053,-0.1155
SD0Q3,1008,1009,-0.5958,-0.7263
SD0Q3,1009,1010,-0.6563,0.1843
SD0Q3,1010,1011,-1.1435,0.0329
SD0Q3,1011,1012,-1.4299,0.0251
SD0Q3,1012,1013,-1.3779,-0.1858
SD0Q3,1013,1014,-1.048,-0.2138
SD0Q3,1014,1015,-1.3733,-0.6311
SD0Q3,1015,1016,-0.0893,0.412
SD0Q3,1016,1017,-0.5497,-0.2163
SD0Q3,1017,1018,-1.1582,-0.3615
SD0Q3,1018,1019,-0.7708,0.1548
SD0Q3,1019,1020,-0.4128,0.0382
SD0Q3,1020,1021,-0.5865,0.2726
SD0Q3,1021,1022,-0.5584,-0.5725
SD0Q3,1022,1023,-0.965,0.033
SD0Q3,1023,1024,-0.3488,0.2616
SD0Q3,1024,1025,-1.0465,-0.5127
SD0Q3,1025,1026,-0.4073,-1.3031
SD0Q3,1026,1027,-0.8334,0.0214
SD0Q3,1027,1028,-1.6616,-0.241
SD0Q3,1028,1029,-1.1424,-0.2099
SD0Q3,1029,1030,-0.6961,-0.393
SD0Q3,1030,1031,-0.8886,-0.7159
SD0Q3,1031,1032,-0.7245,-0.3612
SD0Q3,1032,1033,-0.6987,-0.5884
SD0Q3,1033,1034,-0.6055,-0.5568
SD0Q3,1034,1035,-0.7062,-0.8144
SD0Q3,1035,1036,-0.7358,-0.6943
SD0Q3,1036,1037,-0.4743,-0.6532
SD0Q3,1037,1038,-1.2218,-0.291
SD0Q3,1038,1039,-0.9355,-0.2844
SD0Q3,1039,1040,-0.3384,-0.3439
SD0Q3,1040,1041,-0.5971,-0.6961
SD0Q3,1041,1042,-0.6366,0.0317
SD0Q3,1042,1043,-0.8605,-0.1574
SD0Q3,1043,1044,-1.3981,-0.4866
SD0Q3,1044,1045,-1.2359,0.0098
SD0Q3,1045,1046,-1.2586,0.0354
SD0Q3,1046,1047,-0.5006,0.0426
SD0Q3,1047,1048,-0.7892,-0.8483
SD0Q3,1048,1049,-0.7244,0.5535
SD0Q3,1049,1050,-0.5602,0.1218
SD0Q3,1050,1051,-0.2785,-0.4804
SD0Q3,1051,1052,-0.9549,-0.3675
SD0Q3,1052,1053,-0.4876,-0.1763
SD0Q3,1053,1054,-0.6017,0.7914
SD0Q3,1054,1055,-1.3216,-0.8159
SD0Q3,1055,1056,-1.3735,0.61
SD0Q3,1056,1057,-1.2564,-0.0427
SD0Q3,1057,1058,-1.1243,0.6367
SD0Q3,1058,1059,-1.0768,-0.3461
SD0Q3,1059,1060,-1.1982,0.1632
SD0Q3,1060,1061,-0.8311,-0.3887
SD0Q3,1061,1062,-0.8506,0.2277
SD0Q3,1062,1063,-1.0169,0.238
SD0Q3,1063,1064,-1.51,0.086
SD0Q3,1064,1065,-1.2358,-0.1836
SD0Q3,1065,1066,-1.17,-0.4638
SD0Q3,1066,1067,-1.8738,0.0622
SD0Q3,1067,1068,-0.7607,0.2284
SD0Q3,1068,1069,-0.8649,-0.1268
SD0Q3,1069,1070,-1.0672,0.4789
SD0Q3,1070,1071,-1.0135,-0.3114
SD0Q3,1071,1072,-0.9369,-0.3758
SD0Q3,1072,1073,-0.9836,-1.0545
SD0Q3,1073,1074,-1.0096,-0.4261
SD0Q3,1074,1075,-0.4814,-1.0265
SD0Q3,1075,1076,-0.7515,0.2181
SD0Q3,1076,1077,-0.7461,0.107
SD0Q3,1077,1078,-0.5765,-0.1571
SD0Q3,1078,1079,-0.8636,0.2479
SD0Q3,1079,1080,-1.5054,0.9433
SD0Q3,1080,1081,-1.1865,0.6813
SD0Q3,1081,1082,-0.9427,-0.238
SD0Q3,1082,1083,-0.3923,-0.112
SD0Q3,1083,1084,-0.8776,-0.3388
SD0Q3,1084,1085,-0.7101,-0.4561
SD0Q3,1085,1086,-0.8454,0.3935
SD0Q3,1086,1087,-1.0113,-0.0947
SD0Q3,1087,1088,-1.4166,-0.9824
SD0Q3,1088,1089,-1.1735,-0.0929
SD0Q3,1089,1090,-0.6064,-0.1993
SD0Q3,1090,1091,-1.28,-0.1934
SD0Q3,1091,1092,-1.1572,-0.5055
SD0Q3,1092,1093,-0.9668,0.3607
SD0Q3,1093,1094,-0.6927,-0.4155
SD0Q3,1094,1095,-1.0461,0.063
SD0Q3,1095,1096,-0.8261,-0.8279
SD0Q3,1096,1097,-1.0131,-0.0562
SD0Q3,1097,1098,-0.9712,0.1575
SD0Q3,1098,1099,-0.931,0.0449
SD0Q3,1099,1100,-0.7645,-0.4012
SD0Q3,1100,1101,-1.2896,0.1611
SD0Q3,1101,1102,-1.1838,-0.3308
SD0Q3,1102,1103,-1.0901,0.1468
SD0Q3,1103,1104,-1.3587,-1.0007
SD0Q3,1104,1105,-1.1476,-0.1623
SD0Q3,1105,1106,-1.1959,-0.1868
SD0Q3,1106,1107,-0.9701,-0.9614
SD0Q3,1107,1108,-1.0084,-0.2281
SD0Q3,1108,1109,-1.0661,-0.1463
SD0Q3,1109,1110,-0.3615,0.3392
SD0Q3,1110,1111,-0.9235,-0.3957
SD0Q3,1111,1112,-1.1379,-0.5625
SD0Q3,1112,1113,-0.7303,-0.3217
SD0Q3,1113,1114,-0.8255,0.8861
SD0Q3,1114,1115,-1.6587,0.2833
SD0Q3,1115,1116,-0.6038,0.0764
SD0Q3,1116,1117,-0.8656,-0.204
SD0Q3,1117,1118,-0.9207,0.4756
SD0Q3,1118,1119,-1.4993,-0.316
SD0Q3,1119,1120,-1.27,-0.8753
SD0Q3,1120,1121,-0.9408,0.7514
SD0Q3,1121,1122,-1.4583,-0.8863
SD0Q3,1122,1123,-1.05,-0.2281
SD0Q3,1123,1124,-0.6996,0.4681
SD0Q3,1124,1125,-1.5133,0.0046
SD0Q3,1125,1126,-1.4733,-0.4517
SD0Q3,1126,1127,-1.4165,0.1868
SD0Q3,1127,1128,-0.8771,0.1094
SD0Q3,1128,1129,-1.1382,-0.4654
SD0Q3,1129,1130,-0.6317,-0.6537
SD0Q3,1130,1131,-1.0731,0.1898
SD0Q3,1131,1132,-1.2114,-0.118
SD0Q3,1132,1133,-1.0048,-0.1873
SD0Q3,1133,1134,-0.7151,-0.6707
SD0Q3,1134,1135,-1.0575,0.0795
SD0Q3,1135,1136,-1.2374,0.1048
SD0Q3,1136,1137,-0.5489,-0.4045
SD0Q3,1137,1138,-1.1428,-0.048
SD0Q3,1138,1139,-0.8659,-0.486
SD0Q3,1139,1140,-1.4171,0.0939
SD0Q3,1140,1141,-1.0706,-0.1878
SD0Q3,1141,1142,-1.6182,-0.4928
SD0Q3,1142,1143,-1.8864,0.3602
SD0Q3,1143,1144,-1.2893,-0.0734
SD0Q3,1144,1145,-1.5394,-0.3829
SD0Q3,1145,1146,-0.9224,0.0374
SD0Q3,1146,1147,-0.6284,0.5007
SD0Q3,1147,1148,-0.128,-0.4944
SD0Q3,1148,1149,-0.262,-0.1974
SD0Q3,1149,1150,-0.1494,-0.0296
SD0Q3,1150,1151,-0.5866,-0.0029
SD0Q3,1151,1152,-0.5518,0.0974
SD0Q3,1152,1153,-0.8727,-0.6629
SD0Q3,1153,1154,-1.2737,-0.2618
SD0Q3,1154,1155,-0.8838,-0.2514
SD0Q3,1155,1156,-2.0173,0.0472
SD0Q3,1156,1157,-1.0841,0.4137
SD0Q3,1157,1158,-1.385,-0.501
SD0Q3,1158,1159,-0.4444,-0.6366
SD0Q3,1159,1160,-0.8138,0.1303
SD0Q3,1160,1161,-1.2109,-0.1444
SD0Q3,1161,1162,-1.5229,-0.9408
SD0Q3,1162,1163,-1.135,-0.2982
SD0Q3,1163,1164,-1.003,0.5701
SD0Q3,1164,1165,-1.9073,-0.6137
SD0Q3,1165,1166,-1.6475,-0.5212
SD0Q3,1166,1167,-1.0199,0.0019
SD0Q3,1167,1168,-1.4897,-0.4546
SD0Q3,1168,1169,-1.1787,0.2394
SD0Q3,1169,1170,-1.3604,0.3039
SD0Q3,1170,1171,-0.8101,-0.6771
SD0Q3,1171,1172,-1.2552,0.4107
SD0Q3,1172,1173,-1.0675,-0.7441
SD0Q3,1173,1174,-1.252,-0.0541
SD0Q3,1174,1175,-1.0612,0.0675
SD0Q3,1175,1176,-0.9732,0.0571
SD0Q3,1176,1177,-0.8521,-0.2733
SD0Q3,1177,1178,-0.8183,-0.0029
SD0Q3,1178,1179,-0.9423,-0.1489
SD0Q3,1179,1180,-1.1952,-0.5627
SD0Q3,1180,1181,-1.0575,-0.1493
SD0Q3,1181,1182,-0.3539,-0.63
SD0Q3,1182,1183,-0.7574,0.6059
SD0Q3,1183,1184,-0.8985,-0.483
SD0Q3,1184,1185,-1.3105,0.0974
SD0Q3,1185,1186,-0.5018,0.1227
SD0Q3,1186,1187,-0.5818,-0.2243
SD0Q3,1187,1188,-1.2693,0.2951
SD0Q3,1188,1189,-1.0702,-0.2665
SD0Q3,1189,1190,-1.7498,-0.5499
SD0Q3,1190,1191,-0.797,0.1819
SD0Q3,1191,1192,-1.2027,0.2016
SD0Q3,1192,1193,-0.6351,-1.2987
SD0Q3,1193,1194,-1.6062,-0.7922
SD0Q3,1194,1195,-1.4732,-0.2506
SD0Q3,1195,1196,-1.4913,-0.2379
SD0Q3,1196,1197,-1.3521,0.6765
SD0Q3,1197,1198,-0.9036,-0.584
SD0Q3,1198,1199,-0.6659,0.2641
SD0Q3,1199,1200,-1.4528,-0.6871
SD0Q3,1200,1201,-0.8897,0.6202
SD0Q3,1201,1202,-0.7498,0.371
SD0Q3,1202,1203,-0.6076,-0.4886
SD0Q3,1203,1204,-0.2687,-0.0213
SD0Q3,1204,1205,-0.8153,0.2119
SD0Q3,1205,1206,-1.018,0.0482
SD0Q3,1206,1207,-0.9953,0.2874
SD0Q3,1207,1208,-1.1708,-0.2121
SD0Q3,1208,1209,-0.9082,-0.2109
SD0Q3,1209,1210,-1.9434,-0.0183
SD0Q3,1210,1211,-1.4315,0.0779
SD0Q3,1211,1212,-1.391,0.2145
SD0Q3,1212,1213,-1.9298,0.2554
SD0Q3,1213,1214,-0.9589,0.0077
SD0Q3,1214,1215,-1.2878,-0.0877
SD0Q3,1215,1216,-0.6119,-0.0315
SD0Q3,1216,1217,-1.061,-0.2885
SD0Q3,1217,1218,-0.957,-0.3088
SD0Q3,1218,1219,-0.9629,-0.3739
SD0Q3,1219,1220,-0.3968,0.0512
SD0Q3,1220,1221,-0.9298,-0.4765
SD0Q3,1221,1222,-1.283,0.3969
SD0Q3,1222,1223,-0.9494,0.2873
SD0Q3,1223,1224,-1.3342,-0.6413
SD0Q3,1224,1225,-0.8577,-0.1371
SD0Q3,1225,1226,-0.9132,0.3484
SD0Q3,1226,1227,-0.9442,-0.105
SD0Q3,1227,1228,-0.885,-0.0081
SD0Q3,1228,1229,-1.0316,-0.0923
SD0Q3,1229,1230,-0.6131,0.019
SD0Q3,1230,1231,-0.7943,-0.5408
SD0Q3,1231,1232,-1.1218,-0.512
SD0Q3,1232,1233,-1.1811,0.0788
SD0Q3,1233,1234,-1.0516,0.2796
SD0Q3,1234,1235,-1.0625,-0.3147
SD0Q3,1235,1236,-0.9219,-0.4937
SD0Q3,1236,1237,-0.3482,-0.6968
SD0Q3,1237,1238,-0.9479,-0.0436
SD0Q3,1238,1239,-0.9515,-0.5752
SD0Q3,1239,1240,-0.7513,-0.0195
SD0Q3,1240,1241,-1.9471,-0.3491
SD0Q3,1241,1242,-1.1071,0.1075
SD0Q3,1242,1243,-1.4321,0.2032
SD0Q3,1243,1244,-0.6922,0.0198
SD0Q3,1244,1245,-0.9366,-0.605
SD0Q3,1245,1246,-0.8876,-0.3129
SD0Q3,1246,1247,-0.381,0.442
SD0Q3,1247,1248,-0.5154,0.0691
SD0Q3,1248,1249,-1.0635,-0.6867
SD0Q3,1249,1250,-1.6453,-0.0349
SD0Q3,1250,1251,-1.4593,-0.0545
SD0Q3,1251,1252,-1.231,-0.642
SD0Q3,1252,1253,-0.998,-0.2556
SD0Q3,1253,1254,-1.4998,-0.2492
SD0Q3,1254,1255,-1.0297,0.6265
SD0Q3,1255,1256,-0.9583,-1.0293
SD0Q3,1256,1257,-0.8733,-0.1603
SD0Q3,1257,1258,-0.7433,-0.1064
SD0Q3,1258,1259,-1.2043,-0.2317
SD0Q3,1259,1260,-0.5527,0.2568
SD0Q3,1260,1261,-1.0978,-0.0492
SD0Q3,1261,1262,-0.8395,-0.0361
SD0Q3,1262,1263,-1.0252,0.3658
SD0Q3,1263,1264,-1.3606,-0.262
SD0Q3,1264,1265,-1.1069,-0.3408
SD0Q3,1265,1266,-0.7491,-0.0322
SD0Q3,1266,1267,-1.3234,-0.3325
SD0Q3,1267,1268,-1.256,0.2075
SD0Q3,1268,1269,-0.8207,0.1392
SD0Q3,1269,1270,-0.8104,-0.7869
SD0Q3,1270,1271,-0.5024,-0.2929
SD0Q3,1271,1272,-0.7065,-0.1241
SD0Q3,1272,1273,-1.2478,0.2214
SD0Q3,1273,1274,-0.7286,-0.4347
SD0Q3,1274,1275,-0.7196,0.0083
SD0Q3,1275,1276,-0.6022,0.1489
SD0Q3,1276,1277,-1.1951,-0.2724
SD0Q3,1277,1278,-1.3145,0.4552
SD0Q3,1278,1279,-1.3007,-0.2611
SD0Q3,1279,1280,-0.5342,0.2679
SD0Q3,1280,1281,-1.6348,-0.8976
SD0Q3,1281,1282,-1.3447,-0.2066
SD0Q3,1282,1283,-1.7291,-0.2249
SD0Q3,1283,1284,-0.8486,0.1189
SD0Q3,1284,1285,-0.8804,-0.2401
SD0Q3,1285,1286,-1.1451,-0.358
SD0Q3,1286,1287,-0.679,-0.0683
SD0Q3,1287,1288,-0.7529,-0.3508
SD0Q3,1288,1289,-1.039,-0.1709
SD0Q3,1289,1290,-0.8722,-0.3877
SD0Q3,1290,1291,-0.5249,0.1644
SD0Q3,1291,1292,-0.4449,0.1018
SD0Q3,1292,1293,-0.6899,-0.281
SD0Q3,1293,1294,-1.1901,-0.1665
SD0Q3,1294,1295,-1.1343,-0.0408
SD0Q3,1295,1296,-1.2355,-0.728
SD0Q3,1296,1297,-1.2066,0.1347
SD0Q3,1297,1298,-1.1233,0.4223
SD0Q3,1298,1299,-1.1597,-0.1112
SD0Q3,1299,1300,-0.7745,0.126
SD0Q3,1300,1301,-1.3548,-0.1073
SD0Q3,1301,1302,-0.8764,-0.4473
SD0Q3,1302,1303,-0.0772,-0.6544
SD0Q3,1303,1304,-1.1058,0.4032
SD0Q3,1304,1305,-0.7106,0.3026
SD0Q3,1305,1306,-0.8258,0.2669
SD0Q3,1306,1307,-0.5035,0.0473
SD0Q3,1307,1308,-0.7328,-0.6314
SD0Q3,1308,1309,-1.5471,0.0014
SD0Q3,1309,1310,-0.7388,0.3133
SD0Q3,1310,1311,-0.3302,-0.2618
SD0Q3,1311,1312,-1.3515,0.9466
SD0Q3,1312,1313,-0.752,0.2132
SD0Q3,1313,1314,-0.7221,-0.0301
SD0Q3,1314,1315,-1.3174,-0.6347
SD0Q3,1315,1316,-0.996,-0.195
SD0Q3,1316,1317,-0.9203,-0.5623
SD0Q3,1317,1318,-0.8425,-0.4421
SD0Q3,1318,1319,-1.0845,-0.2743
SD0Q3,1319,1320,-1.5238,0.066
SD0Q3,1320,1321,-1.3227,0.3413
SD0Q3,1321,1322,-0.6062,0.0583
SD0Q3,1322,1323,-0.8247,0.3079
SD0Q3,1323,1324,-1.0421,-0.4783
SD0Q3,1324,1325,-0.9343,-0.0195
SD0Q3,1325,1326,-1.1939,0.1921
SD0Q3,1326,1327,-1.0536,0.4026
SD0Q3,1327,1328,-0.7938,0.1667
SD0Q3,1328,1329,-0.3213,0.035
SD0Q3,1329,1330,-0.7681,-0.9999
SD0Q3,1330,1331,-0.7308,0.1979
SD0Q3,1331,1332,-0.4375,-0.4172
SD0Q3,1332,1333,-0.8682,0.1126
SD0Q3,1333,1334,-0.8689,0.4151
SD0Q3,1334,1335,-1.1068,0.2862
SD0Q3,1335,1336,-0.7299,-0.2731
SD0Q3,1336,1337,-1.0324,-0.9632
SD0Q3,1337,1338,-1.1726,-0.1701
SD0Q3,1338,1339,-1.3648,0.3335
SD0Q3,1339,1340,-0.816,-1.1144
SD0Q3,1340,1341,-0.8318,0.3469
SD0Q3,1341,1342,-0.8932,-0.4081
SD0Q3,1342,1343,-1.4162,0.0556
SD0Q3,1343,1344,-0.4807,-0.0844
SD0Q3,1344,1345,-1.0415,-0.0258
SD0Q3,1345,1346,-0.7429,-0.3647
SD0Q3,1346,1347,-1.1882,-0.0199
SD0Q3,1347,1348,-0.8296,0.9267
SD0Q3,1348,1349,-0.7637,-0.0164
SD0Q3,1349,1350,-0.7167,0.4693
SD0Q3,1350,1351,-0.8388,0.1545
SD0Q3,1351,1352,-0.5229,-0.2804
SD0Q3,1352,1353,-1.3305,-0.8664
SD0Q3,1353,1354,-0.726,-0.0791
SD0Q3,1354,1355,-0.9984,-0.0133
SD0Q3,1355,1356,-1.1018,-0.0574
SD0Q3,1356,1357,-0.983,-0.2266
SD0Q3,1357,1358,-1.1284,0.0273
SD0Q3,1358,1359,-0.9974,0.2114
SD0Q3,1359,1360,-0.7727,-0.4403
SD0Q3,1360,1361,-0.9289,-0.5026
SD0Q3,1361,1362,-1.2972,-0.5253
SD0Q3,1362,1363,-1.0225,-0.2486
SD0Q3,1363,1364,-0.8256,-0.4544
SD0Q3,1364,1365,-0.7675,-0.1313
SD0Q3,1365,1366,-0.3273,-0.0562
SD0Q3,1366,1367,-1.1554,-0.4334
SD0Q3,1367,1368,-0.5431,-0.001
SD0Q3,1368,1369,-0.7601,-0.6235
SD0Q3,1369,1370,-0.7823,-0.2006
SD0Q3,1370,1371,-0.8868,0.2305
SD0Q3,1371,1372,-1.0176,0.4268
SD0Q3,1372,1373,-1.0075,-0.0798
SD0Q3,1373,1374,-0.8206,-0.6224
SD0Q3,1374,1375,-0.8691,0.7301
SD0Q3,1375,1376,-0.4678,-0.2427
SD0Q3,1376,1377,-0.5177,-0.4783
SD0Q3,1377,1378,-0.8877,-0.2433
SD0Q3,1378,1379,-0.7036,-0.0607
SD0Q3,1379,1380,-1.0478,0.3475
SD0Q3,1380,1381,-1.0066,0.1955
SD0Q3,1381,1382,-1.3885,-0.1532
SD0Q3,1382,1383,-1.3136,-0.3602
SD0Q3,1383,1384,-1.4014,0.0326
SD0Q3,1384,1385,-1.1048,0.2081
SD0Q3,1385,1386,-0.7893,0.2454
SD0Q3,1386,1387,-0.802,0.8277
SD0Q3,1387,1388,-0.7883,-0.0375
SD0Q3,1388,1389,-1.1412,-0.6515
SD0Q3,1389,1390,-0.5784,-0.9505
SD0Q3,1390,1391,-0.6822,0.6345
SD0Q3,1391,1392,-1.3724,-0.1242
SD0Q3,1392,1393,-0.4871,-0.133
SD0Q3,1393,1394,-1.2368,-0.4412
SD0Q3,1394,1395,-0.4674,-0.2852
SD0Q3,1395,1396,-0.4015,-0.0174
SD0Q3,1396,1397,-0.8306,0.1488
SD0Q3,1397,1398,-1.1155,-0.4729
SD0Q3,1398,1399,-1.092,0.0583
SD0Q3,1399,1400,-0.8764,0.1427
SD0Q3,1400,1401,-0.8052,-0.7238
SD0Q3,1401,1402,-0.7678,0.2348
SD0Q3,1402,1403,-0.8743,-0.2962
SD0Q3,1403,1404,-1.0063,-0.3057
SD0Q3,1404,1405,-1.3767,-0.1688
SD0Q3,1405,1406,-0.458,-0.1267
SD0Q3,1406,1407,-0.5132,0.7818
SD0Q3,1407,1408,-1.0488,0.9172
SD0Q3,1408,1409,-0.3533,-0.0748
SD0Q3,1409,1410,-0.0047,-0.2354
SD0Q3,1410,1411,-1.0491,0.1322
SD0Q3,1411,1412,-1.3008,-0.5034
SD0Q3,1412,1413,-0.4613,-0.264
SD0Q3,1413,1414,-0.5506,0.0815
SD0Q3,1414,1415,-0.7355,1.3919
SD0Q3,1415,1416,-0.8745,0.2452
SD0Q3,1416,1417,-1.4127,-0.6884
SD0Q3,1417,1418,-1.3006,-0.1049
SD0Q3,1418,1419,-0.8136,-0.0261
SD0Q3,1419,1420,-0.5112,0.3684
SD0Q3,1420,1421,-0.2885,-0.0569
SD0Q3,1421,1422,-0.4601,-0.7087
SD0Q3,1422,1423,-1.0208,-0.5101
SD0Q3,1423,1424,-0.7791,-1.3656
SD0Q3,1424,1425,-0.8807,-0.2937
SD0Q3,1425,1426,-1.5134,-0.5274
SD0Q3,1426,1427,-0.8749,0.1626
SD0Q3,1427,1428,-1.0084,0.7477
SD0Q3,1428,1429,-0.7822,-0.4523
SD0Q3,1429,1430,-0.1198,-0.5885
SD0Q3,1430,1431,-1.0719,-0.591
SD0Q3,1431,1432,-1.1905,-0.4399
SD0Q3,1432,1433,-1.0694,-0.5024
SD0Q3,1433,1434,-1.4124,-0.6753
SD0Q3,1434,1435,-1.0791,-0.4495
SD0Q3,1435,1436,-1.1941,-0.2995
SD0Q3,1436,1437,-1.4748,-0.007
SD0Q3,1437,1438,-1.1637,-0.5049
SD0Q3,1438,1439,-1.0665,-0.8352
SD0Q3,1439,1440,-1.2497,-0.7944
SD0Q3,1440,1441,-1.0927,-0.2164
SD0Q3,1441,1442,-0.8957,0.4864
SD0Q3,1442,1443,-1.7454,0.2823
SD0Q3,1443,1444,-0.8802,-0.448
SD0Q3,1444,1445,-0.5723,0.3483
SD0Q3,1445,1446,-0.837,-0.7732
SD0Q3,1446,1447,-1.0679,0.114
SD0Q3,1447,1448,-0.5563,0.2057
SD0Q3,1448,1449,-1.087,-1.1279
SD0Q3,1449,1450,-0.4821,0.1845
SD0Q3,1450,1451,-0.5011,0.169
SD0Q3,1451,1452,-0.683,0.2432
SD0Q3,1452,1453,-0.7599,0.3248
SD0Q3,1453,1454,-0.252,-0.3523
SD0Q3,1454,1455,-0.6863,0.521
SD0Q3,1455,1456,-0.8228,-0.303
SD0Q3,1456,1457,-0.9461,-0.5052
SD0Q3,1457,1458,-0.7486,-0.3922
SD0Q3,1458,1459,-0.7393,0.4577
SD0Q3,1459,1460,-1.1081,0.2863
SD0Q3,1460,1461,-1.3451,-0.2863
SD0Q3,1461,1462,-0.7968,0.6059
SD0Q3,1462,1463,-1.2084,-0.286
SD0Q3,1463,1464,-1.1813,-0.3806
SD0Q3,1464,1465,-0.6395,-0.51
SD0Q3,1465,1466,-1.2993,-0.6321
SD0Q3,1466,1467,-0.6516,-0.3215
SD0Q3,1467,1468,-0.85,-0.0606
SD0Q3,1468,1469,-1.0523,0.1468
SD0Q3,1469,1470,-1.1993,0.2661
SD0Q3,1470,1471,-1.2858,-0.2902
SD0Q3,1471,1472,-1.0321,-0.268
SD0Q3,1472,1473,-0.9549,-0.4444
SD0Q3,1473,1474,-1.0217,-0.4882
SD0Q3,1474,1475,-1.034,-0.4984
SD0Q3,1475,1476,-0.5833,0.6023
SD0Q3,1476,1477,-0.8526,0.2598
SD0Q3,1477,1478,-0.9114,0.313
SD0Q3,1478,1479,-1.4036,0.3285
SD0Q3,1479,1480,-0.7436,-0.3632
SD0Q3,1480,1481,-1.0372,0.0861
SD0Q3,1481,1482,-1.0291,0.7091
SD0Q3,1482,1483,-0.638,-0.0167
SD0Q3,1483,1484,-1.0042,0.3607
SD0Q3,1484,1485,-0.8235,0.5506
SD0Q3,1485,1486,-1.1292,0.0196
SD0Q3,1486,1487,-0.8609,-0.0292
SD0Q3,1487,1488,-1.5789,0.0578
SD0Q3,1488,1489,-1.0564,-0.3194
SD0Q3,1489,1490,-0.9942,-0.8577
SD0Q3,1490,1491,-1.154,-0.1687
SD0Q3,1491,1492,-0.6864,0.5809
SD0Q3,1492,1493,-1.1409,-0.4009
SD0Q3,1493,1494,-0.7977,0.0645
SD0Q3,1494,1495,-0.5299,-0.9969
SD0Q3,1495,1496,-0.893,0.2411
SD0Q3,1496,1497,-1.5063,0.1088
SD0Q3,1497,1498,-0.541,0.0617
SD0Q3,1498,1499,-1.1143,-0.3489
SD0Q3,1499,1500,-1.1485,-0.0767
